Time,Deal,Symbol,Type,Direction,Volume,Price,Order,Commission,Swap,Profit,Balance,Comment
01/01/2024 00:00:00,1,,balance,,0,0,0,0.00,0.00,100000.00,100000.00,
01/02/2024 17:00:00,2,NAS100,sell,in,8.7,16602.35,2,0.00,0.00,0.00,100000.00,
01/03/2024 17:15:00,3,NAS100,sell,in,14,16415.2,3,0.00,0.00,0.00,100000.00,
01/03/2024 22:50:37,4,NAS100,buy,out,8.7,16371.93,4,0.00,7.58,2004.65,102012.23,tp 16372.75
01/04/2024 17:15:00,5,NAS100,buy,in,13.1,16371.1,5,0.00,0.00,0.00,102012.23,
01/04/2024 22:55:27,6,NAS100,sell,out,13.1,16292.28,6,0.00,0.00,-1032.54,100979.69,sl 16293.05
01/05/2024 08:14:05,7,NAS100,buy,out,14,16272.55,7,0.00,24.40,1997.10,103001.19,tp 16272.70
01/05/2024 17:15:00,8,NAS100,buy,in,10.1,16389,8,0.00,0.00,0.00,103001.19,
01/05/2024 20:16:31,9,NAS100,sell,out,10.1,16286.71,9,0.00,0.00,-1033.13,101968.06,sl 16287.20
01/08/2024 17:00:00,10,NAS100,buy,in,8.3,16484.3,10,0.00,0.00,0.00,101968.06,
01/09/2024 17:15:00,11,NAS100,buy,in,14.3,16591.3,11,0.00,0.00,0.00,101968.06,
01/10/2024 11:06:23,12,NAS100,sell,out,8.3,16728.32,12,0.00,-77.20,2025.37,103916.23,tp 16728.30
01/10/2024 11:07:19,13,NAS100,sell,out,14.3,16733.15,13,0.00,-66.51,2028.46,105878.18,tp 16733.10
01/10/2024 17:00:00,14,NAS100,sell,in,28.6,16696.5,14,0.00,0.00,0.00,105878.18,
01/10/2024 17:42:25,15,NAS100,buy,out,28.6,16733.81,15,0.00,0.00,-1067.07,104811.11,sl 16733.40
01/11/2024 17:00:00,16,NAS100,sell,in,12.7,16823,16,0.00,0.00,0.00,104811.11,
01/11/2024 18:14:35,17,NAS100,buy,out,12.7,16657.93,17,0.00,0.00,2096.39,106907.50,tp 16658.00
01/12/2024 17:15:00,18,NAS100,sell,in,13.9,16825.1,18,0.00,0.00,0.00,106907.50,
01/15/2024 17:00:00,19,NAS100,sell,in,76.3,16823.7,19,0.00,0.00,0.00,106907.50,
01/15/2024 17:38:14,20,NAS100,buy,out,76.3,16837.9,20,0.00,0.00,-1083.46,105824.04,sl 16837.70
01/16/2024 17:49:36,21,NAS100,buy,out,13.9,16901.86,21,0.00,48.43,-1066.96,104805.51,sl 16901.70
01/17/2024 16:45:00,22,NAS100,sell,in,9.7,16610.4,22,0.00,0.00,0.00,104805.51,
01/17/2024 21:45:14,23,NAS100,buy,out,9.7,16718.47,23,0.00,0.00,-1048.28,103757.23,sl 16718.40
01/18/2024 17:45:00,24,NAS100,buy,in,14.8,16943.15,24,0.00,0.00,0.00,103757.23,
01/18/2024 19:13:14,25,NAS100,sell,out,14.8,16872.58,25,0.00,0.00,-1044.44,102712.79,sl 16872.70
01/19/2024 17:00:00,26,NAS100,buy,in,23.8,17089.95,26,0.00,0.00,0.00,102712.79,
01/19/2024 19:31:22,27,NAS100,sell,out,23.8,17175.77,27,0.00,0.00,2042.52,104755.31,tp 17175.55
01/22/2024 17:30:00,28,NAS100,sell,in,10.9,17372.65,28,0.00,0.00,0.00,104755.31,
01/23/2024 20:00:00,29,NAS100,buy,in,13.1,17379.65,29,0.00,0.00,0.00,104755.31,
01/24/2024 01:41:05,30,NAS100,buy,out,10.9,17468.26,30,0.00,18.98,-1042.15,103732.14,sl 17468.15
01/24/2024 10:55:13,31,NAS100,sell,out,13.1,17537.98,31,0.00,-60.93,2074.12,105745.33,tp 17537.75
01/24/2024 17:30:00,32,NAS100,buy,in,13.6,17606.2,32,0.00,0.00,0.00,105745.33,
01/24/2024 21:23:39,33,NAS100,sell,out,13.6,17528.2,33,0.00,0.00,-1060.80,104684.53,sl 17528.25
01/25/2024 17:00:00,34,NAS100,sell,in,19.9,17562.15,34,0.00,0.00,0.00,104684.53,
01/25/2024 17:21:28,35,NAS100,buy,out,19.9,17614.72,35,0.00,0.00,-1046.14,103638.39,sl 17614.65
01/26/2024 17:30:00,36,NAS100,buy,in,20.5,17477.6,36,0.00,0.00,0.00,103638.39,
01/26/2024 19:49:28,37,NAS100,sell,out,20.5,17425.91,37,0.00,0.00,-1059.65,102578.74,sl 17426.40
01/29/2024 19:15:00,38,NAS100,buy,in,18.4,17490.35,38,0.00,0.00,0.00,102578.74,
01/29/2024 22:19:37,39,NAS100,sell,out,18.4,17600.96,39,0.00,0.00,2035.22,104613.96,tp 17600.95
01/30/2024 17:15:00,40,NAS100,sell,in,31.8,17556.9,40,0.00,0.00,0.00,104613.96,
01/30/2024 19:27:39,41,NAS100,buy,out,31.8,17491.04,41,0.00,0.00,2094.35,106708.31,tp 17491.20
01/31/2024 17:15:00,42,NAS100,sell,in,11.9,17246,42,0.00,0.00,0.00,106708.31,
01/31/2024 21:39:38,43,NAS100,buy,out,11.9,17335.08,43,0.00,0.00,-1060.05,105648.26,sl 17335.00
02/01/2024 17:15:00,44,NAS100,buy,in,21.2,17255.25,44,0.00,0.00,0.00,105648.26,
02/01/2024 17:54:27,45,NAS100,sell,out,21.2,17204.64,45,0.00,0.00,-1072.93,104575.33,sl 17204.80
02/02/2024 17:00:00,46,NAS100,buy,in,8.4,17504.35,46,0.00,0.00,0.00,104575.33,
02/05/2024 17:15:00,47,NAS100,sell,in,13.5,17581.55,47,0.00,0.00,0.00,104575.33,
02/05/2024 21:37:04,48,NAS100,buy,out,13.5,17658.59,48,0.00,0.00,-1040.04,103535.29,sl 17658.55
02/06/2024 17:00:00,49,NAS100,sell,in,9.1,17577.65,49,0.00,0.00,0.00,103535.29,
02/07/2024 16:21:33,50,NAS100,buy,out,9.1,17690.7,50,0.00,7.93,-1028.76,102514.46,sl 17690.65
02/07/2024 17:15:00,51,NAS100,buy,in,12.2,17730.9,51,0.00,0.00,0.00,102514.46,
02/07/2024 17:24:02,52,NAS100,sell,out,8.4,17750.92,52,0.00,-195.34,2071.19,104390.31,tp 17750.85
02/08/2024 17:45:00,53,NAS100,buy,in,21.9,17783.65,53,0.00,0.00,0.00,104390.31,
02/09/2024 15:31:38,54,NAS100,sell,out,21.9,17878.04,54,0.00,-101.85,2067.14,106355.60,tp 17877.95
02/09/2024 15:33:16,55,NAS100,sell,out,12.2,17897.94,55,0.00,-113.48,2037.89,108280.01,tp 17897.70
02/09/2024 17:00:00,56,NAS100,buy,in,16.8,17868.9,56,0.00,0.00,0.00,108280.01,
02/12/2024 17:45:00,57,NAS100,buy,in,20.8,17995.6,57,0.00,0.00,0.00,108280.01,
02/12/2024 17:45:28,58,NAS100,sell,out,16.8,17997.14,58,0.00,-234.40,2154.43,110200.04,tp 17997.10
02/12/2024 20:39:16,59,NAS100,sell,out,20.8,17942.98,59,0.00,0.00,-1094.50,109105.54,sl 17943.00
02/13/2024 17:00:00,60,NAS100,buy,in,12.7,17615.45,60,0.00,0.00,0.00,109105.54,
02/13/2024 21:52:35,61,NAS100,sell,out,12.7,17528.81,61,0.00,0.00,-1100.33,108005.21,sl 17528.95
02/14/2024 17:30:00,62,NAS100,buy,in,11.4,17775.05,62,0.00,0.00,0.00,108005.21,
02/14/2024 18:00:01,63,NAS100,sell,out,11.4,17679.71,63,0.00,0.00,-1086.88,106918.33,sl 17679.75
02/15/2024 17:00:00,64,NAS100,sell,in,12.2,17753.5,64,0.00,0.00,0.00,106918.33,
02/15/2024 20:17:36,65,NAS100,buy,out,12.2,17841.22,65,0.00,0.00,-1070.18,105848.15,sl 17841.00
02/16/2024 16:45:00,66,NAS100,sell,in,20.6,17819.2,66,0.00,0.00,0.00,105848.15,
02/16/2024 16:54:39,67,NAS100,buy,out,20.6,17716,67,0.00,0.00,2125.92,107974.07,tp 17716.70
02/19/2024 17:30:00,68,NAS100,sell,in,46.9,17732.45,68,0.00,0.00,0.00,107974.07,
02/20/2024 02:22:38,69,NAS100,buy,out,46.9,17686.02,69,0.00,40.85,2177.57,110192.49,tp 17686.45
02/21/2024 18:15:00,70,NAS100,buy,in,18.5,17469.1,70,0.00,0.00,0.00,110192.49,
02/21/2024 19:06:38,71,NAS100,sell,out,18.5,17408.9,71,0.00,0.00,-1113.70,109078.79,sl 17408.90
02/22/2024 17:00:00,72,NAS100,buy,in,19.3,17874.95,72,0.00,0.00,0.00,109078.79,
02/22/2024 20:37:18,73,NAS100,sell,out,19.3,17987.07,73,0.00,0.00,2163.92,111242.71,tp 17987.05
02/23/2024 17:00:00,74,NAS100,sell,in,17.8,18037,74,0.00,0.00,0.00,111242.71,
02/23/2024 18:13:37,75,NAS100,buy,out,17.8,17912.05,75,0.00,0.00,2224.11,113466.82,tp 17912.50
02/26/2024 17:00:00,76,NAS100,sell,in,17.5,17948.75,76,0.00,0.00,0.00,113466.82,
02/26/2024 18:51:26,77,NAS100,buy,out,17.5,18013.37,77,0.00,0.00,-1130.85,112335.97,sl 18013.25
02/27/2024 20:00:00,78,NAS100,sell,in,11.3,17895.25,78,0.00,0.00,0.00,112335.97,
02/27/2024 21:40:36,79,NAS100,buy,out,11.3,17994.2,79,0.00,0.00,-1118.14,111217.83,sl 17994.20
02/28/2024 17:00:00,80,NAS100,sell,in,22.3,17864.35,80,0.00,0.00,0.00,111217.83,
02/28/2024 18:00:33,81,NAS100,buy,out,22.3,17915.23,81,0.00,0.00,-1134.62,110083.21,sl 17914.20
02/29/2024 17:15:00,82,NAS100,sell,in,13.1,17953.6,82,0.00,0.00,0.00,110083.21,
02/29/2024 22:48:15,83,NAS100,buy,out,13.1,18037.63,83,0.00,0.00,-1100.79,108982.42,sl 18037.55
03/01/2024 17:15:30,84,NAS100,buy,in,21.3,18117.02,84,0.00,0.00,0.00,108982.42,
03/01/2024 19:14:34,85,NAS100,sell,out,21.3,18218.54,85,0.00,0.00,2162.38,111144.80,tp 18218.36
03/04/2024 20:30:00,86,NAS100,sell,in,22.4,18261.15,86,0.00,0.00,0.00,111144.80,
03/04/2024 21:39:17,87,NAS100,buy,out,22.4,18311.13,87,0.00,0.00,-1119.55,110025.25,sl 18310.65
03/05/2024 17:00:00,88,NAS100,sell,in,11.7,18019.75,88,0.00,0.00,0.00,110025.25,
03/05/2024 21:55:14,89,NAS100,buy,out,11.7,17832.7,89,0.00,0.00,2188.49,112213.74,tp 17832.75
03/06/2024 17:00:00,90,NAS100,sell,in,12.5,18020.5,90,0.00,0.00,0.00,112213.74,
03/06/2024 18:55:27,91,NAS100,buy,out,12.5,18109.8,91,0.00,0.00,-1116.25,111097.49,sl 18109.65
03/07/2024 17:30:00,92,NAS100,buy,in,14.6,18223.75,92,0.00,0.00,0.00,111097.49,
03/07/2024 23:16:41,93,NAS100,sell,out,14.6,18146.21,93,0.00,0.00,-1132.08,109965.41,sl 18147.05
03/08/2024 17:00:00,94,NAS100,buy,in,11.2,18378.2,94,0.00,0.00,0.00,109965.41,
03/08/2024 18:08:39,95,NAS100,sell,out,11.2,18279.34,95,0.00,0.00,-1107.23,108858.18,sl 18279.90
03/11/2024 17:00:00,96,NAS100,sell,in,10.9,17901.2,96,0.00,0.00,0.00,108858.18,
03/11/2024 17:54:29,97,NAS100,buy,out,10.9,18000.52,97,0.00,0.00,-1082.59,107775.59,sl 18000.20
03/12/2024 17:30:00,98,NAS100,buy,in,6.6,18121.15,98,0.00,0.00,0.00,107775.59,
03/13/2024 17:00:00,99,NAS100,sell,in,12.3,18102.55,99,0.00,0.00,0.00,107775.59,
03/14/2024 17:00:00,100,NAS100,sell,in,6.8,18002.65,100,0.00,0.00,0.00,107775.59,
03/14/2024 22:09:37,101,NAS100,sell,out,6.6,17958.23,101,0.00,-61.40,-1075.27,106638.92,sl 17958.30
03/14/2024 22:35:40,102,NAS100,buy,out,12.3,17927.39,102,0.00,10.71,2154.47,108804.10,tp 17927.55
03/15/2024 16:45:00,103,NAS100,sell,in,11.6,17847.95,103,0.00,0.00,0.00,108804.10,
03/18/2024 10:24:00,104,NAS100,buy,out,11.6,17941.79,104,0.00,30.31,-1088.54,107745.87,sl 17941.70
03/18/2024 17:30:00,105,NAS100,buy,in,11.4,18147.5,105,0.00,0.00,0.00,107745.87,
03/18/2024 18:53:39,106,NAS100,sell,out,11.4,18052.62,106,0.00,0.00,-1081.63,106664.24,sl 18052.65
03/19/2024 19:00:00,107,NAS100,buy,in,10.1,17939.35,107,0.00,0.00,0.00,106664.24,
03/20/2024 21:05:05,108,NAS100,sell,out,10.1,18149.23,108,0.00,-46.97,2119.79,108737.06,tp 18149.15
03/20/2024 21:05:23,109,NAS100,buy,out,6.8,18161.05,109,0.00,35.53,-1077.12,107695.47,sl 18161.00
03/20/2024 21:15:00,110,NAS100,buy,in,10.9,18127.3,110,0.00,0.00,0.00,107695.47,
03/21/2024 01:07:28,111,NAS100,sell,out,10.9,18324.07,111,0.00,-50.69,2144.79,109789.57,tp 18323.90
03/21/2024 17:00:00,112,NAS100,sell,in,18.3,18427.7,112,0.00,0.00,0.00,109789.57,
03/22/2024 14:46:38,113,NAS100,buy,out,18.3,18307.9,113,0.00,15.94,2192.34,111997.85,tp 18308.20
03/22/2024 18:30:00,114,NAS100,buy,in,23.4,18335.5,114,0.00,0.00,0.00,111997.85,
03/25/2024 14:00:15,115,NAS100,sell,out,23.4,18286.86,115,0.00,-326.49,-1138.18,110533.18,sl 18287.05
03/25/2024 17:15:00,116,NAS100,buy,in,11.7,18302.85,116,0.00,0.00,0.00,110533.18,
03/26/2024 17:45:00,117,NAS100,sell,in,21,18336.55,117,0.00,0.00,0.00,110533.18,
03/27/2024 17:00:00,118,NAS100,sell,in,9.2,18245.6,118,0.00,0.00,0.00,110533.18,
03/27/2024 17:01:31,119,NAS100,buy,out,21,18231.33,119,0.00,18.29,2209.62,112761.09,tp 18231.55
03/27/2024 17:02:28,120,NAS100,sell,out,11.7,18208.29,120,0.00,-108.82,-1106.35,111545.92,sl 18208.40
03/28/2024 17:00:00,121,NAS100,buy,in,19.8,18312,121,0.00,0.00,0.00,111545.92,
03/28/2024 20:17:53,122,NAS100,sell,out,19.8,18255.02,122,0.00,0.00,-1128.20,110417.72,sl 18255.05
04/01/2024 01:04:37,123,NAS100,buy,out,9.2,18365.82,123,0.00,16.02,-1106.02,109327.72,sl 18365.50
04/01/2024 18:15:00,124,NAS100,sell,in,7.6,18269.3,124,0.00,0.00,0.00,109327.72,
04/02/2024 17:15:00,125,NAS100,sell,in,14.4,18027.4,125,0.00,0.00,0.00,109327.72,
04/02/2024 20:00:04,126,NAS100,buy,out,14.4,18103.15,126,0.00,0.00,-1090.80,108236.92,sl 18103.05
04/03/2024 17:15:00,127,NAS100,buy,in,8.3,18182.35,127,0.00,0.00,0.00,108236.92,
04/04/2024 17:00:00,128,NAS100,sell,in,21.8,18330.45,128,0.00,0.00,0.00,108236.92,
04/04/2024 21:14:39,129,NAS100,buy,out,21.8,18231.31,129,0.00,0.00,2161.25,110398.17,tp 18231.45
04/04/2024 21:55:29,130,NAS100,sell,out,8.3,18052.09,130,0.00,-38.60,-1081.16,109278.41,sl 18052.30
04/04/2024 22:15:42,131,NAS100,buy,out,7.6,17983.59,131,0.00,39.72,2171.40,111489.53,tp 17983.60
04/05/2024 17:00:00,132,NAS100,buy,in,10.9,18024.5,132,0.00,0.00,0.00,111489.53,
04/08/2024 17:30:00,133,NAS100,buy,in,11.1,18166.65,133,0.00,0.00,0.00,111489.53,
04/09/2024 16:30:42,134,NAS100,sell,out,10.9,18228.05,134,0.00,-202.77,2218.70,113505.46,tp 18228.00
04/09/2024 17:00:00,135,NAS100,sell,in,18.8,18170.6,135,0.00,0.00,0.00,113505.46,
04/09/2024 17:30:41,136,NAS100,sell,out,11.1,18065.96,136,0.00,-51.62,-1117.66,112336.18,sl 18066.10
04/09/2024 17:36:40,137,NAS100,buy,out,18.8,18050.15,137,0.00,0.00,2264.46,114600.64,tp 18050.30
04/11/2024 17:15:00,138,NAS100,sell,in,19.7,18048.6,138,0.00,0.00,0.00,114600.64,
04/11/2024 18:04:05,139,NAS100,buy,out,19.7,18106.83,139,0.00,0.00,-1147.13,113453.51,sl 18106.70
04/12/2024 17:00:00,140,NAS100,buy,in,20.3,18177.05,140,0.00,0.00,0.00,113453.51,
04/12/2024 17:07:28,141,NAS100,sell,out,20.3,18120.5,141,0.00,0.00,-1147.97,112305.54,sl 18120.60
04/15/2024 17:15:00,142,NAS100,sell,in,10.9,18078.2,142,0.00,0.00,0.00,112305.54,
04/15/2024 20:21:30,143,NAS100,buy,out,10.9,17872.46,143,0.00,0.00,2242.57,114548.11,tp 17872.70
04/16/2024 17:00:00,144,NAS100,buy,in,18.4,17746.85,144,0.00,0.00,0.00,114548.11,
04/16/2024 17:37:42,145,NAS100,sell,out,18.4,17683.78,145,0.00,0.00,-1160.49,113387.62,sl 17684.00
04/17/2024 17:00:00,146,NAS100,sell,in,17,17742.15,146,0.00,0.00,0.00,113387.62,
04/17/2024 18:30:29,147,NAS100,buy,out,17,17609.13,147,0.00,0.00,2261.34,115648.96,tp 17609.15
04/18/2024 17:45:00,148,NAS100,buy,in,7.6,17559.95,148,0.00,0.00,0.00,115648.96,
04/18/2024 20:24:27,149,NAS100,sell,out,7.6,17407.53,149,0.00,0.00,-1158.39,114490.57,sl 17407.70
04/19/2024 17:15:00,150,NAS100,sell,in,12.6,17268.55,150,0.00,0.00,0.00,114490.57,
04/19/2024 19:14:38,151,NAS100,buy,out,12.6,17087.83,151,0.00,0.00,2277.07,116767.64,tp 17088.05
04/22/2024 17:30:00,152,NAS100,sell,in,10.4,17062.95,152,0.00,0.00,0.00,116767.64,
04/22/2024 20:13:55,153,NAS100,buy,out,10.4,17174.32,153,0.00,0.00,-1158.25,115609.39,sl 17174.30
04/23/2024 17:00:00,154,NAS100,buy,in,13.5,17370,154,0.00,0.00,0.00,115609.39,
04/24/2024 01:00:00,155,NAS100,sell,out,13.5,17565.4,155,0.00,-62.79,2637.90,118184.50,tp 17540.50
04/24/2024 17:45:00,156,NAS100,sell,in,14.7,17577.05,156,0.00,0.00,0.00,118184.50,
04/24/2024 23:05:42,157,NAS100,buy,out,14.7,17415.9,157,0.00,0.00,2368.91,120553.41,tp 17416.35
04/25/2024 17:15:00,158,NAS100,buy,in,11.9,17286.2,158,0.00,0.00,0.00,120553.41,
04/25/2024 23:00:40,159,NAS100,sell,out,11.9,17487.04,159,0.00,0.00,2390.00,122943.41,tp 17486.70
04/26/2024 17:00:00,160,NAS100,buy,in,10.4,17663.75,160,0.00,0.00,0.00,122943.41,
04/30/2024 18:15:00,161,NAS100,sell,in,9.5,17648.25,161,0.00,0.00,0.00,122943.41,
04/30/2024 22:52:39,162,NAS100,sell,out,10.4,17545.39,162,0.00,-193.47,-1230.94,121519.00,sl 17545.55
04/30/2024 23:17:24,163,NAS100,buy,out,9.5,17389.53,163,0.00,0.00,2457.84,123976.84,tp 17389.75
05/01/2024 17:15:00,164,NAS100,sell,in,18.4,17345.1,164,0.00,0.00,0.00,123976.84,
05/01/2024 21:04:40,165,NAS100,buy,out,18.4,17412.39,165,0.00,0.00,-1238.14,122738.70,sl 17412.35
05/02/2024 17:00:00,166,NAS100,sell,in,12.1,17393.35,166,0.00,0.00,0.00,122738.70,
05/02/2024 20:28:38,167,NAS100,buy,out,12.1,17494.92,167,0.00,0.00,-1229.00,121509.70,sl 17494.75
05/03/2024 17:00:00,168,NAS100,buy,in,15.2,17898.1,168,0.00,0.00,0.00,121509.70,
05/03/2024 17:13:38,169,NAS100,sell,out,15.2,17817.48,169,0.00,0.00,-1225.42,120284.28,sl 17817.65
05/06/2024 17:00:00,170,NAS100,buy,in,18,18013.65,170,0.00,0.00,0.00,120284.28,
05/07/2024 17:00:00,171,NAS100,sell,in,28.7,18099.25,171,0.00,0.00,0.00,120284.28,
05/07/2024 17:55:30,172,NAS100,buy,out,28.7,18141.21,172,0.00,0.00,-1204.25,119080.03,sl 18141.15
05/07/2024 17:56:26,173,NAS100,sell,out,18,18146.51,173,0.00,-83.71,2391.48,121387.80,tp 18146.45
05/08/2024 17:00:00,174,NAS100,buy,in,13.8,18076.15,174,0.00,0.00,0.00,121387.80,
05/09/2024 17:45:00,175,NAS100,buy,in,14.9,18111.15,175,0.00,0.00,0.00,121387.80,
05/10/2024 16:49:29,176,NAS100,sell,out,13.8,18250.78,176,0.00,-128.36,2409.89,123669.33,tp 18250.65
05/10/2024 17:30:00,177,NAS100,sell,in,12.5,18140.35,177,0.00,0.00,0.00,123669.33,
05/13/2024 15:44:35,178,NAS100,buy,out,12.5,18239.53,178,0.00,32.67,-1239.75,122462.25,sl 18239.25
05/14/2024 17:25:40,179,NAS100,sell,out,14.9,18272.8,179,0.00,-346.49,2408.59,124524.35,tp 18272.75
05/14/2024 17:30:00,180,NAS100,buy,in,12.8,18281.8,180,0.00,0.00,0.00,124524.35,
05/15/2024 17:00:00,181,NAS100,sell,in,27.2,18403.5,181,0.00,0.00,0.00,124524.35,
05/15/2024 17:18:31,182,NAS100,buy,out,27.2,18449.21,182,0.00,0.00,-1243.31,123281.04,sl 18449.15
05/15/2024 17:37:28,183,NAS100,sell,out,12.8,18474.44,183,0.00,-59.53,2465.79,125687.30,tp 18474.30
05/16/2024 17:00:00,184,NAS100,buy,in,34.4,18628.15,184,0.00,0.00,0.00,125687.30,
05/16/2024 21:14:28,185,NAS100,sell,out,34.4,18590.81,185,0.00,0.00,-1284.50,124402.80,sl 18590.95
05/17/2024 17:00:00,186,NAS100,sell,in,42,18559,186,0.00,0.00,0.00,124402.80,
05/17/2024 17:30:15,187,NAS100,buy,out,42,18588.61,187,0.00,0.00,-1243.62,123159.18,sl 18588.55
05/20/2024 17:00:00,188,NAS100,buy,in,10.8,18680.95,188,0.00,0.00,0.00,123159.18,
05/21/2024 17:30:00,189,NAS100,buy,in,23.5,18665.2,189,0.00,0.00,0.00,123159.18,
05/22/2024 18:05:39,190,NAS100,sell,out,23.5,18769.01,190,0.00,-109.29,2439.54,125489.43,tp 18769.00
05/22/2024 18:15:00,191,NAS100,buy,in,27.7,18770.85,191,0.00,0.00,0.00,125489.43,
05/22/2024 20:37:18,192,NAS100,sell,out,27.7,18724.72,192,0.00,0.00,-1277.80,124211.63,sl 18724.90
05/23/2024 07:08:02,193,NAS100,sell,out,10.8,18908.43,193,0.00,-150.69,2456.78,126517.72,tp 18908.25
05/23/2024 17:00:00,194,NAS100,sell,in,9.8,18793.65,194,0.00,0.00,0.00,126517.72,
05/24/2024 17:15:00,195,NAS100,buy,in,22.4,18735.05,195,0.00,0.00,0.00,126517.72,
05/24/2024 18:11:29,196,NAS100,sell,out,22.4,18846.93,196,0.00,0.00,2506.11,129023.83,tp 18846.85
05/27/2024 18:15:00,197,NAS100,buy,in,32.8,18871.45,197,0.00,0.00,0.00,129023.83,
05/28/2024 11:15:36,198,NAS100,buy,out,9.8,18922.27,198,0.00,42.69,-1260.48,127806.04,sl 18922.25
05/28/2024 16:44:39,199,NAS100,sell,out,32.8,18831.3,199,0.00,-152.55,-1316.92,126336.57,sl 18831.50
05/29/2024 17:00:00,200,NAS100,buy,in,18,18793.95,200,0.00,0.00,0.00,126336.57,
05/29/2024 23:46:37,201,NAS100,sell,out,18,18723.15,201,0.00,0.00,-1274.40,125062.17,sl 18723.25
05/30/2024 17:45:00,202,NAS100,sell,in,11.8,18630.45,202,0.00,0.00,0.00,125062.17,
05/31/2024 17:00:00,203,NAS100,sell,in,14.4,18512.8,203,0.00,0.00,0.00,125062.17,
05/31/2024 17:23:32,204,NAS100,buy,out,11.8,18418.81,204,0.00,10.28,2497.35,127569.80,tp 18418.95
05/31/2024 17:35:41,205,NAS100,buy,out,14.4,18339.16,205,0.00,0.00,2500.42,130070.22,tp 18339.30
06/03/2024 17:00:00,206,NAS100,sell,in,18,18654.55,206,0.00,0.00,0.00,130070.22,
06/03/2024 19:12:40,207,NAS100,buy,out,18,18510.74,207,0.00,0.00,2588.58,132658.80,tp 18510.75
06/04/2024 17:15:00,208,NAS100,sell,in,18.4,18558.1,208,0.00,0.00,0.00,132658.80,
06/04/2024 17:41:23,209,NAS100,buy,out,18.4,18629.87,209,0.00,0.00,-1320.57,131338.23,sl 18629.85
06/05/2024 17:00:00,210,NAS100,buy,in,32.9,18836.35,210,0.00,0.00,0.00,131338.23,
06/05/2024 17:00:29,211,NAS100,sell,out,32.9,18795.68,211,0.00,0.00,-1338.04,130000.19,sl 18795.80
06/06/2024 17:00:00,212,NAS100,sell,in,15.9,19017.85,212,0.00,0.00,0.00,130000.19,
06/07/2024 15:30:04,213,NAS100,buy,out,15.9,19099.52,213,0.00,13.85,-1298.55,128715.49,sl 19099.35
06/07/2024 17:45:00,214,NAS100,buy,in,12.9,19079.45,214,0.00,0.00,0.00,128715.49,
06/10/2024 12:21:34,215,NAS100,sell,out,12.9,18978.97,215,0.00,-179.99,-1296.19,127239.31,sl 18979.25
06/10/2024 17:30:00,216,NAS100,buy,in,22.3,19030.1,216,0.00,0.00,0.00,127239.31,
06/11/2024 17:00:00,217,NAS100,sell,in,21.8,19026.35,217,0.00,0.00,0.00,127239.31,
06/11/2024 17:29:30,218,NAS100,buy,out,21.8,19084.72,218,0.00,0.00,-1272.47,125966.84,sl 19084.60
06/11/2024 20:40:02,219,NAS100,sell,out,22.3,19143.51,219,0.00,-103.71,2529.04,128392.17,tp 19143.40
06/12/2024 16:45:00,220,NAS100,buy,in,12,19481.2,220,0.00,0.00,0.00,128392.17,
06/13/2024 17:15:00,221,NAS100,sell,in,16.5,19589.25,221,0.00,0.00,0.00,128392.17,
06/14/2024 17:00:00,222,NAS100,buy,in,15.9,19641.2,222,0.00,0.00,0.00,128392.17,
06/14/2024 20:16:01,223,NAS100,buy,out,16.5,19667.09,223,0.00,14.37,-1284.36,127122.18,sl 19667.00
06/14/2024 22:59:42,224,NAS100,sell,out,12,19693.02,224,0.00,-111.62,2541.84,129552.40,tp 19693.00
06/17/2024 18:00:00,225,NAS100,buy,in,26.7,19728.4,225,0.00,0.00,0.00,129552.40,
06/17/2024 19:24:37,226,NAS100,sell,out,15.9,19801.06,226,0.00,-221.84,2541.77,131872.33,tp 19801.00
06/17/2024 19:29:14,227,NAS100,sell,out,26.7,19824.82,227,0.00,0.00,2574.41,134446.74,tp 19824.70
06/18/2024 17:00:00,228,NAS100,sell,in,33,19931.45,228,0.00,0.00,0.00,134446.74,
06/18/2024 20:45:38,229,NAS100,buy,out,33,19972.17,229,0.00,0.00,-1343.76,133102.98,sl 19972.10
06/20/2024 17:15:00,230,NAS100,sell,in,12.5,19919.5,230,0.00,0.00,0.00,133102.98,
06/21/2024 16:50:39,231,NAS100,buy,out,12.5,19706.96,231,0.00,10.89,2656.75,135770.62,tp 19707.10
06/21/2024 17:00:00,232,NAS100,sell,in,18.2,19717.35,232,0.00,0.00,0.00,135770.62,
06/21/2024 18:19:31,233,NAS100,buy,out,18.2,19791.71,233,0.00,0.00,-1353.35,134417.27,sl 19791.60
06/24/2024 17:15:00,234,NAS100,buy,in,15.7,19742.9,234,0.00,0.00,0.00,134417.27,
06/24/2024 17:29:39,235,NAS100,sell,out,15.7,19656.62,235,0.00,0.00,-1354.60,133062.67,sl 19656.70
06/25/2024 17:15:00,236,NAS100,buy,in,13.5,19663.6,236,0.00,0.00,0.00,133062.67,
06/26/2024 17:00:00,237,NAS100,buy,in,26.8,19747.65,237,0.00,0.00,0.00,133062.67,
06/26/2024 18:11:31,238,NAS100,sell,out,26.8,19697.37,238,0.00,0.00,-1347.50,131715.17,sl 19697.45
06/27/2024 16:36:42,239,NAS100,sell,out,13.5,19859.61,239,0.00,-125.58,2646.14,134235.73,tp 19859.40
06/27/2024 17:15:00,240,NAS100,buy,in,11.1,19890.75,240,0.00,0.00,0.00,134235.73,
06/27/2024 18:28:38,241,NAS100,sell,out,11.1,19768.85,241,0.00,0.00,-1353.09,132882.64,sl 19769.20
06/28/2024 17:00:00,242,NAS100,buy,in,11.7,19937.8,242,0.00,0.00,0.00,132882.64,
06/28/2024 19:16:27,243,NAS100,sell,out,11.7,19823.54,243,0.00,0.00,-1336.84,131545.80,sl 19823.60
07/01/2024 17:00:00,244,NAS100,sell,in,15.7,19691.4,244,0.00,0.00,0.00,131545.80,
07/01/2024 19:08:29,245,NAS100,buy,out,15.7,19775.34,245,0.00,0.00,-1317.86,130227.94,sl 19775.15
07/02/2024 18:00:00,246,NAS100,buy,in,9.8,19905.85,246,0.00,0.00,0.00,130227.94,
07/03/2024 17:00:00,247,NAS100,buy,in,22.7,20069.6,247,0.00,0.00,0.00,130227.94,
07/03/2024 18:56:38,248,NAS100,sell,out,9.8,20168.68,248,0.00,-45.58,2575.73,132758.09,tp 20168.65
07/03/2024 19:02:38,249,NAS100,sell,out,22.7,20183.55,249,0.00,0.00,2586.67,135344.76,tp 20183.40
07/08/2024 18:30:00,250,NAS100,buy,in,22,20466.9,250,0.00,0.00,0.00,135344.76,
07/09/2024 17:30:00,251,NAS100,sell,in,23,20513.05,251,0.00,0.00,0.00,135344.76,
07/10/2024 15:10:37,252,NAS100,buy,out,23,20571.85,252,0.00,20.04,-1352.40,134012.40,sl 20571.80
07/10/2024 17:06:01,253,NAS100,sell,out,22,20589.07,253,0.00,-204.64,2687.74,136495.50,tp 20589.00
07/10/2024 17:15:00,254,NAS100,buy,in,19.5,20601.6,254,0.00,0.00,0.00,136495.50,
07/10/2024 18:00:40,255,NAS100,sell,out,19.5,20531.04,255,0.00,0.00,-1375.92,135119.58,sl 20531.15
07/11/2024 17:15:00,256,NAS100,sell,in,9.5,20571.9,256,0.00,0.00,0.00,135119.58,
07/11/2024 19:00:42,257,NAS100,buy,out,9.5,20288.31,257,0.00,0.00,2694.11,137813.69,tp 20288.40
07/12/2024 17:00:00,258,NAS100,buy,in,11.8,20354.3,258,0.00,0.00,0.00,137813.69,
07/15/2024 17:15:00,259,NAS100,buy,in,18.4,20492.9,259,0.00,0.00,0.00,137813.69,
07/15/2024 18:12:41,260,NAS100,sell,out,11.8,20585.51,260,0.00,-164.64,2728.28,140377.33,tp 20585.50
07/15/2024 20:01:38,261,NAS100,sell,out,18.4,20417.87,261,0.00,0.00,-1380.55,138996.78,sl 20417.90
07/16/2024 17:00:00,262,NAS100,sell,in,13.4,20403.9,262,0.00,0.00,0.00,138996.78,
07/17/2024 10:52:02,263,NAS100,buy,out,13.4,20197.61,263,0.00,11.67,2764.29,141772.74,tp 20197.90
07/17/2024 17:15:00,264,NAS100,sell,in,9.2,19956.8,264,0.00,0.00,0.00,141772.74,
07/18/2024 18:28:42,265,NAS100,buy,out,9.2,19651.74,265,0.00,8.01,2806.55,144587.30,tp 19651.90
07/19/2024 17:30:00,266,NAS100,sell,in,8.3,19634.8,266,0.00,0.00,0.00,144587.30,
07/22/2024 16:38:31,267,NAS100,buy,out,8.3,19807.9,267,0.00,21.69,-1436.73,143172.26,sl 19807.65
07/22/2024 17:45:00,268,NAS100,buy,in,11.2,19852.1,268,0.00,0.00,0.00,143172.26,
07/22/2024 18:16:39,269,NAS100,sell,out,11.2,19724.74,269,0.00,0.00,-1426.43,141745.83,sl 19724.85
07/23/2024 18:15:00,270,NAS100,buy,in,11.9,19900.3,270,0.00,0.00,0.00,141745.83,
07/23/2024 19:57:29,271,NAS100,sell,out,11.9,19780.93,271,0.00,0.00,-1420.50,140325.33,sl 19781.05
07/24/2024 17:00:00,272,NAS100,sell,in,9.9,19360.65,272,0.00,0.00,0.00,140325.33,
07/24/2024 21:52:16,273,NAS100,buy,out,9.9,19077.65,273,0.00,0.00,2801.70,143127.03,tp 19077.65
07/25/2024 17:00:00,274,NAS100,sell,in,7.3,18885.7,274,0.00,0.00,0.00,143127.03,
07/25/2024 18:12:13,275,NAS100,buy,out,7.3,19080.8,275,0.00,0.00,-1424.23,141702.80,sl 19080.70
07/26/2024 17:45:00,276,NAS100,sell,in,15,18932.75,276,0.00,0.00,0.00,141702.80,
07/26/2024 18:44:42,277,NAS100,buy,out,15,19026.79,277,0.00,0.00,-1410.60,140292.20,sl 19026.75
07/29/2024 17:00:00,278,NAS100,buy,in,10.4,19230.15,278,0.00,0.00,0.00,140292.20,
07/29/2024 17:59:36,279,NAS100,sell,out,10.4,19094.85,279,0.00,0.00,-1407.12,138885.08,sl 19094.90
07/30/2024 17:00:00,280,NAS100,sell,in,14.9,19101.5,280,0.00,0.00,0.00,138885.08,
07/30/2024 18:02:31,281,NAS100,buy,out,14.9,18915.47,281,0.00,0.00,2771.85,141656.93,tp 18915.50
07/31/2024 17:15:00,282,NAS100,buy,in,12.4,19301.65,282,0.00,0.00,0.00,141656.93,
08/01/2024 02:10:35,283,NAS100,sell,out,12.4,19528.8,283,0.00,-57.67,2816.66,144415.92,tp 19528.65
08/01/2024 17:00:00,284,NAS100,buy,in,10.6,19519,284,0.00,0.00,0.00,144415.92,
08/01/2024 17:21:38,285,NAS100,sell,out,10.6,19382.15,285,0.00,0.00,-1450.61,142965.31,sl 19382.40
08/07/2024 17:30:00,286,NAS100,sell,in,13.4,18335.3,286,0.00,0.00,0.00,142965.31,
08/07/2024 17:47:40,287,NAS100,buy,out,13.4,18441.79,287,0.00,0.00,-1426.97,141538.34,sl 18441.70
08/08/2024 16:45:00,288,NAS100,sell,in,12.8,18036.3,288,0.00,0.00,0.00,141538.34,
08/08/2024 17:02:28,289,NAS100,buy,out,12.8,18147,289,0.00,0.00,-1416.96,140121.38,sl 18146.70
08/09/2024 17:00:00,290,NAS100,sell,in,14.6,18339.2,290,0.00,0.00,0.00,140121.38,
08/09/2024 17:12:21,291,NAS100,buy,out,14.6,18434.98,291,0.00,0.00,-1398.39,138722.99,sl 18434.70
08/12/2024 17:00:00,292,NAS100,sell,in,10.5,18452.65,292,0.00,0.00,0.00,138722.99,
08/12/2024 17:16:27,293,NAS100,buy,out,10.5,18583.65,293,0.00,0.00,-1375.50,137347.49,sl 18583.65
08/13/2024 17:00:00,294,NAS100,buy,in,17.4,18811,294,0.00,0.00,0.00,137347.49,
08/13/2024 19:50:18,295,NAS100,sell,out,17.4,18968.01,295,0.00,0.00,2731.97,140079.46,tp 18967.80
08/14/2024 17:00:00,296,NAS100,sell,in,9.7,18944.95,296,0.00,0.00,0.00,140079.46,
08/14/2024 18:53:30,297,NAS100,buy,out,9.7,19088.99,297,0.00,0.00,-1397.19,138682.27,sl 19088.80
08/15/2024 17:00:00,298,NAS100,buy,in,11,19376.5,298,0.00,0.00,0.00,138682.27,
08/16/2024 17:15:00,299,NAS100,buy,in,15,19469.1,299,0.00,0.00,0.00,138682.27,
08/19/2024 18:00:00,300,NAS100,buy,in,12.6,19578.25,300,0.00,0.00,0.00,138682.27,
08/19/2024 20:27:37,301,NAS100,sell,out,11,19626.3,301,0.00,-204.64,2747.80,141225.43,tp 19626.30
08/19/2024 21:01:38,302,NAS100,sell,out,15,19652.21,302,0.00,-209.29,2746.65,143762.79,tp 19652.10
08/20/2024 01:00:00,303,NAS100,sell,out,12.6,19797.55,303,0.00,-58.60,2763.18,146467.37,tp 19796.55
08/20/2024 17:00:00,304,NAS100,buy,in,14.6,19845.05,304,0.00,0.00,0.00,146467.37,
08/20/2024 17:17:38,305,NAS100,sell,out,14.6,19743.98,305,0.00,0.00,-1475.62,144991.75,sl 19744.10
08/21/2024 17:00:00,306,NAS100,buy,in,22.4,19808.65,306,0.00,0.00,0.00,144991.75,
08/21/2024 17:52:40,307,NAS100,sell,out,22.4,19742.9,307,0.00,0.00,-1472.80,143518.95,sl 19743.45
08/22/2024 17:15:00,308,NAS100,sell,in,12.6,19845.8,308,0.00,0.00,0.00,143518.95,
08/22/2024 18:43:40,309,NAS100,buy,out,12.6,19618.81,309,0.00,0.00,2860.07,146379.02,tp 19619.30
08/23/2024 17:15:00,310,NAS100,buy,in,9.8,19791.75,310,0.00,0.00,0.00,146379.02,
08/23/2024 17:48:13,311,NAS100,sell,out,9.8,19641.42,311,0.00,0.00,-1473.23,144905.79,sl 19642.30
08/26/2024 17:00:00,312,NAS100,sell,in,18.2,19666.35,312,0.00,0.00,0.00,144905.79,
08/26/2024 17:32:40,313,NAS100,buy,out,18.2,19507.62,313,0.00,0.00,2888.89,147794.68,tp 19507.85
08/27/2024 17:00:00,314,NAS100,buy,in,17.2,19489.75,314,0.00,0.00,0.00,147794.68,
08/28/2024 17:00:00,315,NAS100,sell,in,14.7,19507.65,315,0.00,0.00,0.00,147794.68,
08/28/2024 18:00:04,316,NAS100,sell,out,17.2,19403.19,316,0.00,-79.99,-1488.83,146225.86,sl 19403.35
08/28/2024 18:15:29,317,NAS100,buy,out,14.7,19306.72,317,0.00,0.00,2953.67,149179.53,tp 19307.15
08/29/2024 17:00:00,318,NAS100,buy,in,9,19600.6,318,0.00,0.00,0.00,149179.53,
08/29/2024 21:30:16,319,NAS100,sell,out,9,19434.34,319,0.00,0.00,-1496.34,147683.19,sl 19434.65
08/30/2024 17:00:00,320,NAS100,buy,in,19.1,19549.05,320,0.00,0.00,0.00,147683.19,
08/30/2024 17:57:29,321,NAS100,sell,out,19.1,19470.98,321,0.00,0.00,-1491.14,146192.05,sl 19471.40
09/02/2024 17:15:00,322,NAS100,sell,in,36.3,19570.05,322,0.00,0.00,0.00,146192.05,
09/02/2024 17:35:36,323,NAS100,buy,out,36.3,19610.37,323,0.00,0.00,-1463.62,144728.43,sl 19610.30
09/04/2024 17:00:00,324,NAS100,buy,in,12.9,18942.87,324,0.00,0.00,0.00,144728.43,
09/04/2024 17:00:39,325,NAS100,sell,out,12.9,18828.3,325,0.00,0.00,-1477.95,143250.48,sl 18830.05
09/05/2024 17:00:00,326,NAS100,buy,in,8.7,19022.75,326,0.00,0.00,0.00,143250.48,
09/05/2024 18:25:41,327,NAS100,sell,out,8.7,18856.96,327,0.00,0.00,-1442.37,141808.11,sl 18857.60
09/09/2024 17:00:00,328,NAS100,buy,in,17.4,18672.2,328,0.00,0.00,0.00,141808.11,
09/09/2024 17:30:27,329,NAS100,sell,out,17.4,18590.13,329,0.00,0.00,-1428.02,140380.09,sl 18590.25
09/10/2024 17:15:00,330,NAS100,sell,in,12.8,18697.85,330,0.00,0.00,0.00,140380.09,
09/10/2024 21:02:00,331,NAS100,buy,out,12.8,18815.4,331,0.00,0.00,-1504.64,138875.45,sl 18806.85
09/11/2024 17:00:00,332,NAS100,sell,in,12.7,18783.4,332,0.00,0.00,0.00,138875.45,
09/11/2024 17:43:38,333,NAS100,buy,out,12.7,18566.4,333,0.00,0.00,2755.90,141631.35,tp 18566.40
09/12/2024 17:15:00,334,NAS100,buy,in,14,19305.7,334,0.00,0.00,0.00,141631.35,
09/13/2024 17:18:29,335,NAS100,sell,out,14,19506.12,335,0.00,-65.11,2805.88,144372.12,tp 19506.00
09/13/2024 17:45:00,336,NAS100,buy,in,11.5,19516.7,336,0.00,0.00,0.00,144372.12,
09/16/2024 16:32:35,337,NAS100,sell,out,11.5,19390.86,337,0.00,-160.45,-1447.16,142764.51,sl 19391.00
09/16/2024 17:15:00,338,NAS100,buy,in,11,19456.55,338,0.00,0.00,0.00,142764.51,
09/16/2024 17:34:26,339,NAS100,sell,out,11,19327.08,339,0.00,0.00,-1424.17,141340.34,sl 19327.20
09/17/2024 19:15:00,340,NAS100,sell,in,17.7,19516.4,340,0.00,0.00,0.00,141340.34,
09/17/2024 20:45:25,341,NAS100,buy,out,17.7,19357.24,341,0.00,0.00,2817.13,144157.47,tp 19357.40
09/18/2024 18:30:00,342,NAS100,sell,in,19.9,19433.4,342,0.00,0.00,0.00,144157.47,
09/18/2024 21:00:19,343,NAS100,buy,out,19.9,19507.8,343,0.00,0.00,-1480.56,142676.91,sl 19505.65
09/19/2024 17:30:00,344,NAS100,buy,in,11.3,19912.2,344,0.00,0.00,0.00,142676.91,
09/20/2024 13:08:13,345,NAS100,sell,out,11.3,19785.7,345,0.00,-52.55,-1429.45,141194.91,sl 19785.75
09/20/2024 17:00:00,346,NAS100,sell,in,17.6,19785.2,346,0.00,0.00,0.00,141194.91,
09/20/2024 22:39:04,347,NAS100,buy,out,17.6,19865.23,347,0.00,0.00,-1408.53,139786.38,sl 19865.20
09/23/2024 17:30:00,348,NAS100,buy,in,20.2,19890.8,348,0.00,0.00,0.00,139786.38,
09/23/2024 20:01:21,349,NAS100,sell,out,20.2,19821.1,349,0.00,0.00,-1407.94,138378.44,sl 19821.10
09/24/2024 17:00:00,350,NAS100,sell,in,22.3,19884.2,350,0.00,0.00,0.00,138378.44,
09/24/2024 17:23:39,351,NAS100,buy,out,22.3,19759.87,351,0.00,0.00,2772.56,141151.00,tp 19760.10
09/25/2024 17:00:00,352,NAS100,buy,in,14.9,20030.9,352,0.00,0.00,0.00,141151.00,
09/25/2024 20:00:41,353,NAS100,sell,out,14.9,19935.17,353,0.00,0.00,-1426.38,139724.62,sl 19935.70
09/26/2024 17:15:00,354,NAS100,sell,in,12.2,20200.5,354,0.00,0.00,0.00,139724.62,
09/27/2024 18:00:00,355,NAS100,sell,in,19,20107.8,355,0.00,0.00,0.00,139724.62,
09/30/2024 01:03:26,356,NAS100,buy,out,12.2,19972.7,356,0.00,42.51,2779.16,142546.29,tp 19972.80
09/30/2024 05:34:16,357,NAS100,buy,out,19,19961.1,357,0.00,49.65,2787.30,145383.24,tp 19961.30
09/30/2024 17:15:00,358,NAS100,sell,in,15.9,19974.55,358,0.00,0.00,0.00,145383.24,
09/30/2024 22:55:02,359,NAS100,buy,out,15.9,20065.61,359,0.00,0.00,-1447.85,143935.39,sl 20065.55
10/02/2024 17:30:00,360,NAS100,buy,in,8.5,19814.2,360,0.00,0.00,0.00,143935.39,
10/03/2024 17:00:00,361,NAS100,buy,in,11.3,19835.2,361,0.00,0.00,0.00,143935.39,
10/03/2024 20:00:27,362,NAS100,sell,out,11.3,19707.32,362,0.00,0.00,-1445.04,142490.35,sl 19707.70
10/04/2024 17:00:00,363,NAS100,sell,in,9.4,19901.45,363,0.00,0.00,0.00,142490.35,
10/04/2024 22:57:17,364,NAS100,buy,out,9.4,20052.82,364,0.00,0.00,-1422.88,141067.47,sl 20052.70
10/07/2024 17:30:00,365,NAS100,buy,in,19.8,20003.15,365,0.00,0.00,0.00,141067.47,
10/07/2024 19:10:41,366,NAS100,sell,out,19.8,19931.45,366,0.00,0.00,-1419.66,139647.81,sl 19931.45
10/08/2024 17:00:00,367,NAS100,buy,in,16.2,19982.85,367,0.00,0.00,0.00,139647.81,
10/08/2024 22:53:35,368,NAS100,sell,out,8.5,20149.86,368,0.00,-237.19,2853.11,142263.73,tp 20149.70
10/09/2024 17:15:00,369,NAS100,buy,in,23.3,20131.9,369,0.00,0.00,0.00,142263.73,
10/09/2024 17:20:26,370,NAS100,sell,out,16.2,20154.26,370,0.00,-75.34,2776.84,144965.23,tp 20154.15
10/09/2024 18:48:27,371,NAS100,sell,out,23.3,20253.31,371,0.00,0.00,2828.85,147794.08,tp 20253.20
10/10/2024 17:15:00,372,NAS100,buy,in,23.8,20237.1,372,0.00,0.00,0.00,147794.08,
10/11/2024 16:30:20,373,NAS100,sell,out,23.8,20174.26,373,0.00,-110.69,-1495.59,146187.80,sl 20174.40
10/11/2024 17:00:00,374,NAS100,buy,in,37.7,20192.15,374,0.00,0.00,0.00,146187.80,
10/11/2024 17:11:26,375,NAS100,sell,out,37.7,20269.03,375,0.00,0.00,2898.38,149086.18,tp 20268.95
10/14/2024 17:00:00,376,NAS100,buy,in,11.6,20516.15,376,0.00,0.00,0.00,149086.18,
10/14/2024 18:01:28,377,NAS100,sell,out,11.6,20387.13,377,0.00,0.00,-1496.63,147589.55,sl 20387.20
10/15/2024 17:15:00,378,NAS100,sell,in,19.4,20430.35,378,0.00,0.00,0.00,147589.55,
10/15/2024 17:34:37,379,NAS100,buy,out,19.4,20278.8,379,0.00,0.00,2940.07,150529.62,tp 20278.85
10/16/2024 17:00:00,380,NAS100,sell,in,11.4,20073.95,380,0.00,0.00,0.00,150529.62,
10/16/2024 21:21:37,381,NAS100,buy,out,11.4,20205.73,381,0.00,0.00,-1502.29,149027.33,sl 20205.60
10/17/2024 18:00:00,382,NAS100,sell,in,8.5,20252.35,382,0.00,0.00,0.00,149027.33,
10/18/2024 18:30:00,383,NAS100,buy,in,18.6,20368.35,383,0.00,0.00,0.00,149027.33,
10/21/2024 12:25:14,384,NAS100,sell,out,18.6,20287.62,384,0.00,-259.51,-1501.58,147266.24,sl 20287.65
10/21/2024 17:00:00,385,NAS100,buy,in,21,20356.75,385,0.00,0.00,0.00,147266.24,
10/21/2024 17:40:39,386,NAS100,sell,out,21,20285.73,386,0.00,0.00,-1491.42,145774.82,sl 20286.05
10/22/2024 17:00:00,387,NAS100,buy,in,16.1,20326.05,387,0.00,0.00,0.00,145774.82,
10/22/2024 20:51:29,388,NAS100,buy,out,8.5,20426.66,388,0.00,37.01,-1481.64,144330.19,sl 20426.35
10/23/2024 17:06:30,389,NAS100,sell,out,16.1,20235.09,389,0.00,-74.88,-1464.46,142790.85,sl 20235.10
10/23/2024 17:15:00,390,NAS100,sell,in,23.5,20269.95,390,0.00,0.00,0.00,142790.85,
10/23/2024 19:23:41,391,NAS100,buy,out,23.5,20148.55,391,0.00,0.00,2852.90,145643.75,tp 20148.75
10/24/2024 19:15:00,392,NAS100,sell,in,14.1,20144.35,392,0.00,0.00,0.00,145643.75,
10/24/2024 20:04:30,393,NAS100,buy,out,14.1,20247.64,393,0.00,0.00,-1456.39,144187.36,sl 20247.35
10/25/2024 17:00:00,394,NAS100,buy,in,9.1,20522.6,394,0.00,0.00,0.00,144187.36,
10/25/2024 20:44:27,395,NAS100,sell,out,9.1,20364.28,395,0.00,0.00,-1440.71,142746.65,sl 20364.45
10/28/2024 17:00:00,396,NAS100,sell,in,20.7,20441.25,396,0.00,0.00,0.00,142746.65,
10/29/2024 17:15:00,397,NAS100,buy,in,14.9,20418.15,397,0.00,0.00,0.00,142746.65,
10/29/2024 18:59:41,398,NAS100,buy,out,20.7,20510,398,0.00,18.03,-1423.13,141341.55,sl 20510.00
10/29/2024 22:18:29,399,NAS100,sell,out,14.9,20607.97,399,0.00,0.00,2828.32,144169.87,tp 20607.95
10/30/2024 17:30:00,400,NAS100,buy,in,10,20580.55,400,0.00,0.00,0.00,144169.87,
10/30/2024 22:54:38,401,NAS100,sell,out,10,20435.86,401,0.00,0.00,-1446.90,142722.97,sl 20436.20
10/31/2024 17:00:00,402,NAS100,sell,in,7.1,20061.35,402,0.00,0.00,0.00,142722.97,
11/01/2024 17:00:00,403,NAS100,buy,in,13.1,20059.3,403,0.00,0.00,0.00,142722.97,
11/04/2024 16:34:41,404,NAS100,sell,out,13.1,19950.07,404,0.00,-182.78,-1430.91,141109.28,sl 19950.40
11/04/2024 17:30:00,405,NAS100,buy,in,8.3,20086.3,405,0.00,0.00,0.00,141109.28,
11/05/2024 17:00:00,406,NAS100,buy,in,9.7,20199.2,406,0.00,0.00,0.00,141109.28,
11/05/2024 19:14:30,407,NAS100,buy,out,7.1,20260.52,407,0.00,30.91,-1414.11,139726.08,sl 20260.10
11/06/2024 04:37:35,408,NAS100,sell,out,8.3,20422.12,408,0.00,-77.20,2787.31,142436.19,tp 20422.10
11/06/2024 04:57:37,409,NAS100,sell,out,9.7,20488.94,409,0.00,-45.11,2810.48,145201.56,tp 20488.90
11/06/2024 19:15:00,410,NAS100,buy,in,10.2,20717.65,410,0.00,0.00,0.00,145201.56,
11/07/2024 16:56:57,411,NAS100,sell,out,10.2,21001.3,411,0.00,-47.44,2893.23,148047.35,tp 21001.15
11/07/2024 17:00:00,412,NAS100,buy,in,14.5,21013.25,412,0.00,0.00,0.00,148047.35,
11/08/2024 17:15:00,413,NAS100,sell,in,22.7,21073.05,413,0.00,0.00,0.00,148047.35,
11/08/2024 18:55:25,414,NAS100,buy,out,22.7,21138.25,414,0.00,0.00,-1480.04,146567.31,sl 21138.20
11/11/2024 01:20:23,415,NAS100,sell,out,14.5,21216.69,415,0.00,-269.75,2949.88,149247.44,tp 21216.55
11/11/2024 17:00:00,416,NAS100,sell,in,12.5,21086.8,416,0.00,0.00,0.00,149247.44,
11/12/2024 18:15:00,417,NAS100,sell,in,22.1,21089.35,417,0.00,0.00,0.00,149247.44,
11/13/2024 15:42:03,418,NAS100,buy,out,22.1,21156.91,418,0.00,19.25,-1493.08,147773.61,sl 21156.85
11/13/2024 17:15:00,419,NAS100,sell,in,16.3,21011.5,419,0.00,0.00,0.00,147773.61,
11/13/2024 19:08:16,420,NAS100,buy,out,16.3,21101.84,420,0.00,0.00,-1472.54,146301.07,sl 21101.75
11/14/2024 19:15:00,421,NAS100,sell,in,15.3,20999.4,421,0.00,0.00,0.00,146301.07,
11/15/2024 02:37:26,422,NAS100,buy,out,12.5,20848.91,422,0.00,43.56,2973.63,149318.26,tp 20849.30
11/15/2024 03:27:39,423,NAS100,buy,out,15.3,20808.36,423,0.00,13.33,2922.91,152254.50,tp 20808.40
11/15/2024 17:15:00,424,NAS100,sell,in,10.6,20552.45,424,0.00,0.00,0.00,152254.50,
11/18/2024 17:15:00,425,NAS100,buy,in,19.9,20531.9,425,0.00,0.00,0.00,152254.50,
11/19/2024 11:29:37,426,NAS100,sell,out,19.9,20454.9,426,0.00,-92.55,-1532.30,150629.65,sl 20454.95
11/19/2024 17:30:00,427,NAS100,buy,in,15.8,20542.1,427,0.00,0.00,0.00,150629.65,
11/19/2024 20:43:30,428,NAS100,buy,out,10.6,20695.21,428,0.00,36.93,-1513.26,149153.32,sl 20695.20
11/19/2024 20:56:41,429,NAS100,sell,out,15.8,20730.9,429,0.00,0.00,2983.04,152136.36,tp 20730.90
11/20/2024 17:00:00,430,NAS100,sell,in,10.7,20555.4,430,0.00,0.00,0.00,152136.36,
11/20/2024 22:55:26,431,NAS100,buy,out,10.7,20696.52,431,0.00,0.00,-1509.98,150626.38,sl 20696.40
11/22/2024 17:15:00,432,NAS100,sell,in,16.8,20710.15,432,0.00,0.00,0.00,150626.38,
11/22/2024 19:50:39,433,NAS100,buy,out,16.8,20799.82,433,0.00,0.00,-1506.46,149119.92,sl 20799.40
11/25/2024 17:00:00,434,NAS100,sell,in,10.9,20895.25,434,0.00,0.00,0.00,149119.92,
11/26/2024 19:15:00,435,NAS100,sell,in,22.1,20888.2,435,0.00,0.00,0.00,149119.92,
11/26/2024 22:55:38,436,NAS100,buy,out,22.1,20955.68,436,0.00,0.00,-1491.31,147628.61,sl 20955.45
11/27/2024 17:15:00,437,NAS100,sell,in,11.6,20765.05,437,0.00,0.00,0.00,147628.61,
11/28/2024 17:30:00,438,NAS100,buy,in,80.8,20851.35,438,0.00,0.00,0.00,147628.61,
11/29/2024 02:05:21,439,NAS100,sell,out,80.8,20832.35,439,0.00,-375.78,-1535.20,145717.63,sl 20832.40
11/29/2024 06:14:13,440,NAS100,buy,out,11.6,20891.33,440,0.00,20.20,-1464.85,144272.98,sl 20891.30
12/02/2024 16:30:59,441,NAS100,buy,out,10.9,21031.62,441,0.00,66.44,-1486.43,142852.99,sl 21031.50
12/03/2024 17:15:00,442,NAS100,buy,in,18.2,21190.7,442,0.00,0.00,0.00,142852.99,
12/04/2024 10:35:36,443,NAS100,sell,out,18.2,21347.05,443,0.00,-84.64,2845.57,145613.92,tp 21346.70
12/04/2024 17:15:00,444,NAS100,buy,in,26,21422.05,444,0.00,0.00,0.00,145613.92,
12/05/2024 17:00:00,445,NAS100,sell,in,35,21489.2,445,0.00,0.00,0.00,145613.92,
12/05/2024 19:12:20,446,NAS100,buy,out,35,21530.74,446,0.00,0.00,-1453.90,144160.02,sl 21530.70
12/05/2024 19:12:36,447,NAS100,sell,out,26,21533.36,447,0.00,-120.92,2894.06,146933.16,tp 21533.35
12/06/2024 17:00:00,448,NAS100,buy,in,12.1,21591.75,448,0.00,0.00,0.00,146933.16,
12/09/2024 17:30:00,449,NAS100,sell,in,17,21547.85,449,0.00,0.00,0.00,146933.16,
12/09/2024 18:06:41,450,NAS100,sell,out,12.1,21469.73,450,0.00,-168.82,-1476.44,145287.90,sl 21469.80
12/10/2024 17:15:00,451,NAS100,buy,in,16.4,21590.25,451,0.00,0.00,0.00,145287.90,
12/10/2024 17:58:27,452,NAS100,sell,out,16.4,21501.08,452,0.00,0.00,-1462.39,143825.51,sl 21501.20
12/10/2024 22:05:39,453,NAS100,buy,out,17,21375.73,453,0.00,14.81,2926.04,146766.36,tp 21375.85
12/11/2024 17:00:00,454,NAS100,buy,in,11.9,21694.9,454,0.00,0.00,0.00,146766.36,
12/12/2024 17:15:00,455,NAS100,sell,in,31.9,21658.45,455,0.00,0.00,0.00,146766.36,
12/12/2024 17:23:35,456,NAS100,buy,out,31.9,21704.6,456,0.00,0.00,-1472.19,145294.17,sl 21704.45
12/13/2024 17:45:00,457,NAS100,sell,in,9.8,21761.9,457,0.00,0.00,0.00,145294.17,
12/16/2024 12:00:36,458,NAS100,buy,out,9.8,21909.62,458,0.00,25.61,-1447.66,143872.12,sl 21909.50
12/16/2024 14:14:28,459,NAS100,sell,out,11.9,21939.3,459,0.00,-276.71,2908.36,146503.77,tp 21939.20
12/16/2024 17:00:00,460,NAS100,buy,in,19.8,22029.75,460,0.00,0.00,0.00,146503.77,
12/16/2024 20:23:17,461,NAS100,sell,out,19.8,22176.55,461,0.00,0.00,2906.64,149410.41,tp 22176.49
12/17/2024 17:15:00,462,NAS100,sell,in,17.2,22054.4,462,0.00,0.00,0.00,149410.41,
12/17/2024 18:34:28,463,NAS100,buy,out,17.2,22141.08,463,0.00,0.00,-1490.90,147919.51,sl 22141.00
12/18/2024 17:15:00,464,NAS100,buy,in,15.1,22091.4,464,0.00,0.00,0.00,147919.51,
12/18/2024 21:01:36,465,NAS100,sell,out,15.1,21993.06,465,0.00,0.00,-1484.93,146434.58,sl 21993.20
12/19/2024 17:30:00,466,NAS100,sell,in,7.3,21285.85,466,0.00,0.00,0.00,146434.58,
12/20/2024 13:03:43,467,NAS100,buy,out,7.3,20886.83,467,0.00,6.36,2912.85,149353.79,tp 20887.05
12/20/2024 17:15:00,468,NAS100,buy,in,9.5,21132.6,468,0.00,0.00,0.00,149353.79,
12/20/2024 18:18:42,469,NAS100,sell,out,9.5,21445.46,469,0.00,0.00,2972.17,152325.96,tp 21445.40
12/23/2024 17:15:00,470,NAS100,sell,in,11.7,21340.75,470,0.00,0.00,0.00,152325.96,
12/23/2024 18:43:30,471,NAS100,buy,out,11.7,21470.04,471,0.00,0.00,-1512.69,150813.27,sl 21470.00
12/24/2024 17:00:00,472,NAS100,buy,in,14.6,21701.15,472,0.00,0.00,0.00,150813.27,
12/26/2024 05:48:15,473,NAS100,sell,out,14.6,21906.45,473,0.00,-67.90,2997.38,153742.75,tp 21906.45
12/30/2024 17:00:00,474,NAS100,sell,in,12.2,21105.3,474,0.00,0.00,0.00,153742.75,
12/30/2024 18:20:44,475,NAS100,buy,out,12.2,21230.45,475,0.00,0.00,-1526.83,152215.92,sl 21230.40
12/31/2024 18:15:00,476,NAS100,sell,in,10.5,21160.25,476,0.00,0.00,0.00,152215.92,
01/02/2025 14:15:12,477,NAS100,buy,out,10.5,21305.2,477,0.00,9.15,-1521.98,150703.09,sl 21305.20
01/03/2025 18:45:00,478,NAS100,buy,in,7.8,21293.4,478,0.00,0.00,0.00,150703.09,
01/06/2025 17:14:38,479,NAS100,sell,out,7.8,21679.11,479,0.00,-108.83,3008.54,153602.80,tp 21679.10
01/06/2025 17:15:00,480,NAS100,buy,in,12,21681.75,480,0.00,0.00,0.00,153602.80,
01/06/2025 20:45:31,481,NAS100,sell,out,12,21553.76,481,0.00,0.00,-1535.88,152066.92,sl 21553.90
01/08/2025 17:15:00,482,NAS100,sell,in,10.6,21076.65,482,0.00,0.00,0.00,152066.92,
01/08/2025 18:36:41,483,NAS100,buy,out,10.6,21219.78,483,0.00,0.00,-1517.18,150549.74,sl 21219.65
01/13/2025 17:00:00,484,NAS100,buy,in,15.2,20655.2,484,0.00,0.00,0.00,150549.74,
01/14/2025 01:00:00,485,NAS100,sell,out,15.2,20876.75,485,0.00,-70.69,3367.56,153846.61,tp 20852.00
01/14/2025 17:00:00,486,NAS100,sell,in,10.5,20838.2,486,0.00,0.00,0.00,153846.61,
01/15/2025 15:30:25,487,NAS100,buy,out,10.5,20986.43,487,0.00,9.15,-1556.42,152299.34,sl 20984.45
01/15/2025 17:00:00,488,NAS100,buy,in,10.9,21182.5,488,0.00,0.00,0.00,152299.34,
01/16/2025 17:00:00,489,NAS100,sell,in,12.7,21233.65,489,0.00,0.00,0.00,152299.34,
01/16/2025 23:14:41,490,NAS100,sell,out,10.9,21043.05,490,0.00,-50.69,-1520.01,150728.64,sl 21043.05
01/17/2025 15:34:26,491,NAS100,buy,out,12.7,21353.04,491,0.00,11.06,-1516.25,149223.45,sl 21352.90
01/17/2025 20:15:00,492,NAS100,buy,in,9.2,21512.85,492,0.00,0.00,0.00,149223.45,
01/20/2025 17:30:00,493,NAS100,sell,in,17.4,21554.4,493,0.00,0.00,0.00,149223.45,
01/21/2025 02:53:39,494,NAS100,buy,out,17.4,21382.77,494,0.00,15.16,2986.36,152224.97,tp 21382.90
01/21/2025 02:58:38,495,NAS100,sell,out,9.2,21349.57,495,0.00,-171.15,-1502.18,150551.64,sl 21350.15
01/22/2025 17:00:00,496,NAS100,buy,in,13.4,21888.65,496,0.00,0.00,0.00,150551.64,
01/23/2025 10:15:50,497,NAS100,sell,out,13.4,21776.28,497,0.00,-62.32,-1505.76,148983.56,sl 21776.35
01/23/2025 17:45:00,498,NAS100,buy,in,26.1,21797.8,498,0.00,0.00,0.00,148983.56,
01/23/2025 22:59:42,499,NAS100,sell,out,26.1,21911.13,499,0.00,0.00,2957.91,151941.47,tp 21911.10
01/24/2025 17:00:00,500,NAS100,buy,in,26,21934.6,500,0.00,0.00,0.00,151941.47,
01/24/2025 17:16:40,501,NAS100,sell,out,26,21875.64,501,0.00,0.00,-1532.96,150408.51,sl 21875.65
01/29/2025 17:45:00,502,NAS100,sell,in,11.6,21362.1,502,0.00,0.00,0.00,150408.51,
01/29/2025 23:27:40,503,NAS100,buy,out,11.6,21492,503,0.00,0.00,-1506.84,148901.67,sl 21491.60
01/30/2025 17:00:00,504,NAS100,buy,in,20.1,21568.15,504,0.00,0.00,0.00,148901.67,
01/30/2025 17:02:41,505,NAS100,sell,out,20.1,21493.14,505,0.00,0.00,-1507.70,147393.97,sl 21493.45
01/31/2025 17:00:00,506,NAS100,buy,in,14.5,21763.6,506,0.00,0.00,0.00,147393.97,
01/31/2025 20:34:26,507,NAS100,sell,out,14.5,21661.21,507,0.00,0.00,-1484.66,145909.31,sl 21661.40
02/03/2025 17:15:00,508,NAS100,sell,in,7.9,21035.9,508,0.00,0.00,0.00,145909.31,
02/03/2025 17:24:40,509,NAS100,buy,out,7.9,21219.92,509,0.00,0.00,-1453.76,144455.55,sl 21219.15
02/04/2025 17:00:00,510,NAS100,buy,in,9.4,21466.5,510,0.00,0.00,0.00,144455.55,
02/05/2025 17:45:00,511,NAS100,buy,in,18.4,21507.65,511,0.00,0.00,0.00,144455.55,
02/05/2025 22:57:04,512,NAS100,sell,out,18.4,21663.51,512,0.00,0.00,2867.82,147323.37,tp 21663.45
02/06/2025 16:45:00,513,NAS100,buy,in,29.1,21702.1,513,0.00,0.00,0.00,147323.37,
02/06/2025 21:33:13,514,NAS100,sell,out,29.1,21650.79,514,0.00,0.00,-1493.12,145830.25,sl 21650.90
02/06/2025 22:54:36,515,NAS100,sell,out,9.4,21772.41,515,0.00,-87.44,2875.55,148618.36,tp 21772.30
02/10/2025 17:15:00,516,NAS100,buy,in,15.3,21760.65,516,0.00,0.00,0.00,148618.36,
02/11/2025 09:58:44,517,NAS100,sell,out,15.3,21662.72,517,0.00,-71.16,-1498.33,147048.87,sl 21662.95
02/11/2025 17:15:00,518,NAS100,buy,in,15,21721,518,0.00,0.00,0.00,147048.87,
02/12/2025 15:30:29,519,NAS100,sell,out,15,21620.59,519,0.00,-69.76,-1506.15,145472.96,sl 21622.55
02/12/2025 17:00:00,520,NAS100,buy,in,10.2,21604.55,520,0.00,0.00,0.00,145472.96,
02/13/2025 17:03:15,521,NAS100,sell,out,10.2,21888.1,521,0.00,-47.44,2892.21,148317.73,tp 21887.85
02/13/2025 17:30:00,522,NAS100,buy,in,10.8,21901.05,522,0.00,0.00,0.00,148317.73,
02/14/2025 17:15:00,523,NAS100,buy,in,25.5,22077.45,523,0.00,0.00,0.00,148317.73,
02/14/2025 19:30:15,524,NAS100,sell,out,25.5,22018.64,524,0.00,0.00,-1499.66,146818.07,sl 22018.75
02/17/2025 03:16:14,525,NAS100,sell,out,10.8,22173.45,525,0.00,-200.92,2941.92,149559.07,tp 22173.35
02/17/2025 18:15:00,526,NAS100,buy,in,29.3,22178.15,526,0.00,0.00,0.00,149559.07,
02/18/2025 16:46:41,527,NAS100,sell,out,29.3,22126.23,527,0.00,-136.27,-1521.26,147901.54,sl 22126.55
02/19/2025 17:00:00,528,NAS100,sell,in,28,22107,528,0.00,0.00,0.00,147901.54,
02/19/2025 18:11:38,529,NAS100,buy,out,28,22159.94,529,0.00,0.00,-1482.32,146419.22,sl 22159.75
02/20/2025 16:45:00,530,NAS100,sell,in,25.5,22105.8,530,0.00,0.00,0.00,146419.22,
02/20/2025 16:53:39,531,NAS100,buy,out,25.5,21990.84,531,0.00,0.00,2931.48,149350.70,tp 21991.30
02/21/2025 17:00:00,532,NAS100,sell,in,16.5,22037.15,532,0.00,0.00,0.00,149350.70,
02/21/2025 19:19:37,533,NAS100,buy,out,16.5,21856.57,533,0.00,0.00,2979.57,152330.27,tp 21856.85
02/25/2025 17:00:00,534,NAS100,sell,in,11,21213.3,534,0.00,0.00,0.00,152330.27,
02/26/2025 17:00:00,535,NAS100,buy,in,13.7,21254.35,535,0.00,0.00,0.00,152330.27,
02/26/2025 18:12:15,536,NAS100,buy,out,11,21350.97,536,0.00,9.58,-1514.37,150825.48,sl 21350.85
02/26/2025 20:29:15,537,NAS100,sell,out,13.7,21143.11,537,0.00,0.00,-1523.99,149301.49,sl 21143.20
03/05/2025 18:15:00,538,NAS100,sell,in,9.5,20275.05,538,0.00,0.00,0.00,149301.49,
03/05/2025 19:23:29,539,NAS100,buy,out,9.5,20431.25,539,0.00,0.00,-1483.90,147817.59,sl 20431.15
03/06/2025 17:15:00,540,NAS100,buy,in,8.5,20379.65,540,0.00,0.00,0.00,147817.59,
03/06/2025 19:03:26,541,NAS100,sell,out,8.5,20206.32,541,0.00,0.00,-1473.31,146344.28,sl 20206.45
03/10/2025 17:15:00,542,NAS100,sell,in,8.1,19709.9,542,0.00,0.00,0.00,146344.28,
03/10/2025 21:55:41,543,NAS100,buy,out,8.1,19348.86,543,0.00,0.00,2924.42,149268.70,tp 19348.90
03/12/2025 17:00:00,544,NAS100,sell,in,11.4,19634.4,544,0.00,0.00,0.00,149268.70,
03/13/2025 16:45:00,545,NAS100,sell,in,14.4,19465,545,0.00,0.00,0.00,149268.70,
03/13/2025 16:56:31,546,NAS100,buy,out,11.4,19374.37,546,0.00,9.93,2964.34,152242.97,tp 19374.50
03/13/2025 19:47:30,547,NAS100,buy,out,14.4,19257.97,547,0.00,0.00,2981.23,155224.20,tp 19258.50
03/14/2025 18:00:00,548,NAS100,buy,in,9.9,19602.55,548,0.00,0.00,0.00,155224.20,
03/17/2025 18:00:00,549,NAS100,sell,in,9.4,19692.5,549,0.00,0.00,0.00,155224.20,
03/17/2025 21:00:39,550,NAS100,buy,out,9.4,19856.64,550,0.00,0.00,-1542.92,153681.28,sl 19856.25
03/17/2025 21:26:14,551,NAS100,sell,out,9.9,19913.16,551,0.00,-138.13,3075.04,156618.19,tp 19913.05
03/19/2025 17:00:00,552,NAS100,buy,in,13.4,19624.35,552,0.00,0.00,0.00,156618.19,
03/19/2025 22:01:13,553,NAS100,sell,out,13.4,19856.7,553,0.00,0.00,3113.49,159731.68,tp 19856.65
03/20/2025 17:00:00,554,NAS100,buy,in,9,19737.6,554,0.00,0.00,0.00,159731.68,
03/21/2025 15:37:27,555,NAS100,sell,out,9,19561.19,555,0.00,-41.86,-1587.69,158102.13,sl 19561.30
03/21/2025 17:00:00,556,NAS100,buy,in,14.3,19527.2,556,0.00,0.00,0.00,158102.13,
03/21/2025 22:58:33,557,NAS100,sell,out,14.3,19747.67,557,0.00,0.00,3152.72,161254.85,tp 19747.50
03/24/2025 17:00:00,558,NAS100,buy,in,18.6,20130.2,558,0.00,0.00,0.00,161254.85,
03/25/2025 17:30:00,559,NAS100,buy,in,19.3,20270.45,559,0.00,0.00,0.00,161254.85,
03/25/2025 17:47:41,560,NAS100,sell,out,18.6,20302.54,560,0.00,-86.50,3205.52,164373.87,tp 20302.50
03/26/2025 16:53:27,561,NAS100,sell,out,19.3,20186.13,561,0.00,-89.76,-1627.38,162656.73,sl 20186.30
03/26/2025 17:00:00,562,NAS100,sell,in,10.3,20134.55,562,0.00,0.00,0.00,162656.73,
03/27/2025 16:33:04,563,NAS100,buy,out,10.3,19821.32,563,0.00,8.97,3226.27,165891.97,tp 19821.35
03/27/2025 17:00:00,564,NAS100,buy,in,12.4,19896.25,564,0.00,0.00,0.00,165891.97,
03/28/2025 03:04:17,565,NAS100,sell,out,12.4,19761.61,565,0.00,-57.67,-1669.54,164164.76,sl 19761.95
04/01/2025 17:15:00,566,NAS100,sell,in,12.1,19133.55,566,0.00,0.00,0.00,164164.76,
04/01/2025 17:39:41,567,NAS100,buy,out,12.1,19268.88,567,0.00,0.00,-1637.49,162527.27,sl 19268.80
04/03/2025 17:15:00,568,NAS100,sell,in,9.7,18747.2,568,0.00,0.00,0.00,162527.27,
04/04/2025 06:31:20,569,NAS100,buy,out,9.7,18413.11,569,0.00,8.45,3240.67,165776.39,tp 18413.20
04/08/2025 17:00:00,570,NAS100,buy,in,8.9,18113.1,570,0.00,0.00,0.00,165776.39,
04/08/2025 18:12:39,571,NAS100,sell,out,8.9,17927.09,571,0.00,0.00,-1655.49,164120.90,sl 17927.15
04/15/2025 17:15:00,572,NAS100,buy,in,13.9,18959.15,572,0.00,0.00,0.00,164120.90,
04/15/2025 17:19:38,573,NAS100,sell,out,13.9,18840.6,573,0.00,0.00,-1647.85,162473.05,sl 18840.95
04/16/2025 17:00:00,574,NAS100,sell,in,10.4,18397.8,574,0.00,0.00,0.00,162473.05,
04/16/2025 18:24:19,575,NAS100,buy,out,10.4,18553.11,575,0.00,0.00,-1615.22,160857.83,sl 18552.95
04/17/2025 17:30:00,576,NAS100,sell,in,8.6,18202.65,576,0.00,0.00,0.00,160857.83,
04/17/2025 21:11:37,577,NAS100,buy,out,8.6,18388.67,577,0.00,0.00,-1599.77,159258.06,sl 18388.40
04/21/2025 17:00:00,578,NAS100,sell,in,9.2,17883.55,578,0.00,0.00,0.00,159258.06,
04/22/2025 09:59:14,579,NAS100,buy,out,9.2,18054.8,579,0.00,32.06,-1575.50,157714.62,sl 18054.80
04/22/2025 17:00:00,580,NAS100,buy,in,10.4,18147.35,580,0.00,0.00,0.00,157714.62,
04/23/2025 01:00:00,581,NAS100,sell,out,10.4,18603.1,581,0.00,-48.37,4739.80,162406.05,tp 18448.65